{
  "project_info": {
    "project_number": "123586690472",
    "project_id": "autopark-badb6",
    "storage_bucket": "autopark-badb6.firebasestorage.app"
  },
  "client": [
    {
      "client_info": {
        "mobilesdk_app_id": "1:123586690472:android:7163d0cc8b3fed2d6f719d",
        "android_client_info": {
          "package_name": "com.example.autopark"
        }
      },
      "oauth_client": [],
      "api_key": [
        {
          "current_key": "AIzaSyAcGcj0amxnSud_KUe53oL_DQedq28qoxI"
        }
      ],
      "services": {
        "appinvite_service": {
          "other_platform_oauth_client": []
        }
      }
    }
  ],
  "configuration_version": "1"
}